Time,Flow,Stage
2015-06-01 00:00:00,439000.0,26.79
2015-06-01 01:00:00,461498.190773,26.78
2015-06-01 02:00:00,456635.912296,26.75
2015-06-01 03:00:00,465548.80879,26.78
2015-06-01 04:00:00,458729.326328,26.76
2015-06-01 05:00:00,468901.363174,26.77
2015-06-01 06:00:00,454694.216706,26.71
2015-06-01 07:00:00,456286.470372,26.64
2015-06-01 08:00:00,454452.526452,26.58
2015-06-01 09:00:00,466572.998485,26.66
2015-06-01 10:00:00,443664.098537,26.49
2015-06-01 11:00:00,467822.443045,26.56
2015-06-01 12:00:00,450439.642001,26.55
2015-06-01 13:00:00,455114.177768,26.49
2015-06-01 14:00:00,455842.95664,26.47
2015-06-01 15:00:00,455920.285506,26.45
2015-06-01 16:00:00,445539.938544,26.33
2015-06-01 17:00:00,450317.12458,26.26
2015-06-01 18:00:00,445491.747863,26.17
2015-06-01 19:00:00,456418.928074,26.19
2015-06-01 20:00:00,436050.658188,26.02
2015-06-01 21:00:00,437075.20106,25.85
2015-06-01 22:00:00,455654.122802,25.92
2015-06-01 23:00:00,450057.666787,25.95
2015-06-02 00:00:00,439761.588149,25.83
2015-06-02 01:00:00,453399.790168,25.87
2015-06-02 02:00:00,443651.97347,25.83
2015-06-02 03:00:00,441423.740505,25.75
2015-06-02 04:00:00,444188.169121,25.71
2015-06-02 05:00:00,433141.045865,25.57
2015-06-02 06:00:00,440242.488794,25.51
2015-06-02 07:00:00,439911.973454,25.48
2015-06-02 08:00:00,430917.802609,25.34
2015-06-02 09:00:00,442238.712025,25.34
2015-06-02 10:00:00,437042.283956,25.31
2015-06-02 11:00:00,438999.364315,25.28
2015-06-02 12:00:00,433331.126403,25.21
2015-06-02 13:00:00,438456.694769,25.19
2015-06-02 14:00:00,428691.871088,25.08
2015-06-02 15:00:00,433136.451887,25.02
2015-06-02 16:00:00,430075.994413,24.95
2015-06-02 17:00:00,434345.420736,24.93
2015-06-02 19:00:00,410326.658258,24.66
2015-06-02 20:00:00,442726.170455,24.75
2015-06-02 21:00:00,426214.98506,24.72
2015-06-02 22:00:00,427028.255867,24.64
2015-06-02 23:00:00,430240.210345,24.63
2015-06-03 00:00:00,429819.959133,24.62
2015-06-03 01:00:00,419421.873541,24.49
2015-06-03 02:00:00,427361.880411,24.47
2015-06-03 03:00:00,433115.760557,24.48
2015-06-03 04:00:00,420581.052806,24.4
2015-06-03 05:00:00,424079.401769,24.34
2015-06-03 06:00:00,418675.95936,24.26
2015-06-03 07:00:00,431457.691111,24.27
2015-06-03 08:00:00,420627.419058,24.23
2015-06-03 09:00:00,416082.276607,24.11
2015-06-03 10:00:00,418371.872281,24.05
2015-06-03 11:00:00,418251.290851,24.01
2015-06-03 12:00:00,414873.166759,23.93
2015-06-03 13:00:00,414774.473712,23.86
2015-06-03 14:00:00,420260.816917,23.87
2015-06-03 15:00:00,405593.47297,23.71
2015-06-03 16:00:00,421342.959292,23.73
2015-06-03 17:00:00,407849.941646,23.64
2015-06-03 18:00:00,412135.07509,23.57
2015-06-03 19:00:00,409683.296429,23.56
2015-06-03 20:00:00,404702.429291,23.43
2015-06-03 21:00:00,411154.883561,23.41
2015-06-03 22:00:00,415909.054035,23.45
2015-06-03 23:00:00,401872.072444,23.32
2015-06-04 00:00:00,413731.95393,23.33
2015-06-04 01:00:00,403822.55202,23.25
2015-06-04 02:00:00,411492.034998,23.25
2015-06-04 03:00:00,409660.915293,23.25
2015-06-04 04:00:00,406103.714404,23.19
2015-06-04 05:00:00,407506.848209,23.17
2015-06-04 06:00:00,404603.925925,23.11
2015-06-04 07:00:00,411079.801666,23.14
2015-06-04 08:00:00,404535.503692,23.1
2015-06-04 09:00:00,404378.775896,23.04
2015-06-04 10:00:00,409622.291278,23.07
2015-06-04 11:00:00,402919.375044,23.02
2015-06-04 12:00:00,398104.120018,22.9
2015-06-04 13:00:00,402103.381079,22.86
2015-06-04 14:00:00,407337.003092,22.89
2015-06-04 15:00:00,408368.528906,22.94
2015-06-04 16:00:00,401329.70663,22.88
2015-06-04 17:00:00,393967.273059,22.74
2015-06-04 18:00:00,408382.13239,22.8
2015-06-04 19:00:00,398758.009247,22.75
2015-06-04 20:00:00,403428.60951,22.74
2015-06-04 21:00:00,398140.896975,22.69
2015-06-04 22:00:00,404327.94882,22.71
2015-06-04 23:00:00,399625.402602,22.68
2015-06-05 00:00:00,401924.97513,22.67
2015-06-05 01:00:00,402426.301475,22.68
2015-06-05 02:00:00,396219.76484,22.61
2015-06-05 03:00:00,396590.00849,22.55
2015-06-05 04:00:00,399416.851112,22.54
2015-06-05 05:00:00,397615.163835,22.51
2015-06-05 06:00:00,400670.798274,22.52
2015-06-05 07:00:00,398797.009793,22.51
2015-06-05 08:00:00,405682.63125,22.58
2015-06-05 09:00:00,395495.606462,22.57
2015-06-05 10:00:00,411806.903691,22.69
2015-06-05 11:00:00,399787.251537,22.68
2015-06-05 12:00:00,403304.625296,22.68
2015-06-05 13:00:00,401698.467475,22.68
2015-06-05 14:00:00,400072.167698,22.65
2015-06-05 15:00:00,402654.655904,22.66
2015-06-05 16:00:00,403764.956486,22.69
2015-06-05 17:00:00,413779.51421,22.83
2015-06-05 18:00:00,396924.731576,22.75
2015-06-05 19:00:00,397431.627433,22.66
2015-06-05 20:00:00,405547.587181,22.71
2015-06-05 21:00:00,410332.387933,22.81
2015-06-05 22:00:00,395656.193456,22.72
2015-06-05 23:00:00,406713.030205,22.74
2015-06-06 00:00:00,408355.403693,22.82
2015-06-06 01:00:00,406963.522881,22.86
2015-06-06 02:00:00,403346.324576,22.84
2015-06-06 03:00:00,406330.981948,22.86
2015-06-06 04:00:00,410961.699535,22.94
2015-06-06 05:00:00,409104.968143,22.98
2015-06-06 06:00:00,413329.417137,23.06
2015-06-06 07:00:00,410220.975823,23.1
2015-06-06 08:00:00,419486.89664,23.23
2015-06-06 09:00:00,411437.745124,23.26
2015-06-06 10:00:00,421094.000979,23.37
2015-06-06 11:00:00,415555.909205,23.42
2015-06-06 12:00:00,426095.94099,23.57
2015-06-06 13:00:00,421356.927533,23.66
2015-06-06 14:00:00,420809.141436,23.71
2015-06-06 15:00:00,423192.28869,23.78
2015-06-06 16:00:00,421058.952737,23.81
2015-06-06 17:00:00,426469.069415,23.9
2015-06-06 18:00:00,404010.702332,23.72
2015-06-06 19:00:00,424346.464227,23.77
2015-06-06 20:00:00,438447.843148,24.04
2015-06-06 21:00:00,445143.063458,24.34
2015-06-06 22:00:00,433266.109975,24.43
2015-06-06 23:00:00,444979.485172,24.61
2015-06-07 00:00:00,436012.291502,24.69
2015-06-07 01:00:00,435038.843111,24.72
2015-06-07 02:00:00,442812.556526,24.84
2015-06-07 03:00:00,454576.559746,25.09
2015-06-07 04:00:00,448859.62954,25.23
2015-06-07 05:00:00,434556.303616,25.22
2015-06-07 06:00:00,452756.441759,25.34
2015-06-07 07:00:00,446091.218703,25.42
2015-06-07 08:00:00,438628.702067,25.37
2015-06-07 09:00:00,460239.31271,25.56
2015-06-07 10:00:00,435386.169707,25.49
2015-06-07 11:00:00,465109.072816,25.69
2015-06-07 12:00:00,450469.938459,25.77
2015-06-07 13:00:00,453682.947028,25.82
2015-06-07 14:00:00,444788.771041,25.79
2015-06-07 15:00:00,462776.306568,25.94
2015-06-07 16:00:00,454721.739618,26.02
2015-06-07 17:00:00,461349.366509,26.12
2015-06-07 18:00:00,463273.91082,26.24
2015-06-07 19:00:00,439407.566095,26.08
2015-06-07 20:00:00,465831.361711,26.2
2015-06-07 21:00:00,448324.601242,26.18
2015-06-07 22:00:00,466468.486355,26.29
2015-06-07 23:00:00,441701.837493,26.17
2015-06-08 00:00:00,474495.704141,26.36
2015-06-08 01:00:00,458525.31734,26.43
2015-06-08 02:00:00,472204.143346,26.57
2015-06-08 03:00:00,452272.966502,26.51
2015-06-08 04:00:00,471643.895833,26.63
2015-06-08 05:00:00,479286.710554,26.87
2015-06-08 06:00:00,466619.35896,26.91
2015-06-08 07:00:00,480627.846006,27.07
2015-06-08 08:00:00,462554.085928,27.04
2015-06-08 09:00:00,478477.949218,27.15
2015-06-08 10:00:00,471364.790887,27.21
2015-06-08 11:00:00,481355.385251,27.34
2015-06-08 12:00:00,478809.960659,27.44
2015-06-08 13:00:00,477054.768671,27.49
2015-06-08 14:00:00,472947.863079,27.49
2015-06-08 15:00:00,482008.118773,27.58
2015-06-08 16:00:00,484138.342274,27.7
2015-06-08 18:00:00,479001.075799,27.73
2015-06-08 19:00:00,485023.848623,27.82
2015-06-08 20:00:00,477923.808825,27.83
2015-06-08 21:00:00,483546.258787,27.88
2015-06-08 22:00:00,485187.747395,27.95
2015-06-08 23:00:00,491507.312185,28.08
2015-06-09 00:00:00,485700.28368,28.13
2015-06-09 01:00:00,488700.146023,28.19
2015-06-09 02:00:00,496579.646324,28.33
2015-06-09 03:00:00,488613.245004,28.37
2015-06-09 04:00:00,495100.022928,28.46
2015-06-09 06:00:00,501960.580832,28.62
2015-06-09 07:00:00,494693.955463,28.68
2015-06-09 08:00:00,504611.251474,28.81
2015-06-09 09:00:00,491532.122949,28.81
2015-06-09 10:00:00,503370.456412,28.9
2015-06-09 11:00:00,499184.542126,28.97
2015-06-09 12:00:00,497288.515804,28.99
2015-06-09 13:00:00,501461.585584,29.05
2015-06-09 14:00:00,495912.650868,29.05
2015-06-09 15:00:00,509589.991271,29.17
2015-06-09 16:00:00,503979.362124,29.25
2015-06-09 17:00:00,503527.092153,29.28
2015-06-09 18:00:00,501606.458597,29.3
2015-06-09 21:00:00,522010.852489,29.52
2015-06-09 22:00:00,504072.337517,29.54
2015-06-09 23:00:00,507557.408251,29.56
2015-06-10 00:00:00,513738.181062,29.66
2015-06-10 01:00:00,500004.54587,29.61
2015-06-10 03:00:00,521936.872418,29.76
2015-06-10 04:00:00,516206.072548,29.88
2015-06-10 05:00:00,514089.499488,29.92
2015-06-10 06:00:00,512613.940785,29.95
2015-06-10 07:00:00,507871.841769,29.92
2015-06-10 08:00:00,517971.743552,30.0
2015-06-10 09:00:00,513410.659909,30.03
2015-06-10 10:00:00,516304.90391,30.07
2015-06-10 11:00:00,511831.260004,30.07
2015-06-10 12:00:00,513559.142421,30.08
2015-06-10 13:00:00,511245.033445,30.07
2015-06-10 14:00:00,518403.338165,30.13
2015-06-10 15:00:00,512319.562051,30.13
2015-06-10 16:00:00,505907.222952,30.06
2015-06-10 17:00:00,510102.190502,30.03
2015-06-10 18:00:00,516897.341868,30.09
2015-06-10 19:00:00,515152.981082,30.12
2015-06-10 20:00:00,499346.418337,29.99
2015-06-10 21:00:00,521427.95777,30.07
2015-06-10 22:00:00,506849.309004,30.05
2015-06-10 23:00:00,505663.907142,29.97
2015-06-11 00:00:00,511487.257039,29.98
2015-06-11 01:00:00,510887.386787,29.99
2015-06-11 02:00:00,504191.831514,29.92
2015-06-11 03:00:00,509678.249078,29.91
2015-06-11 04:00:00,506156.911119,29.89
2015-06-11 05:00:00,503670.021702,29.83
2015-06-11 06:00:00,501885.976128,29.76
2015-06-11 07:00:00,507570.073643,29.76
2015-06-11 08:00:00,493098.342245,29.63
2015-06-11 09:00:00,506880.476199,29.63
2015-06-11 10:00:00,500369.87682,29.59
2015-06-11 11:00:00,497593.301119,29.52
2015-06-11 12:00:00,499637.851318,29.48
2015-06-11 13:00:00,491756.399442,29.37
2015-06-11 14:00:00,502153.459768,29.37
2015-06-11 15:00:00,490949.954959,29.27
2015-06-11 16:00:00,496578.144503,29.23
2015-06-11 17:00:00,488370.214354,29.13
2015-06-11 18:00:00,501131.691179,29.16
2015-06-11 19:00:00,484195.786834,29.03
2015-06-11 20:00:00,492718.510248,28.98
2015-06-11 21:00:00,484338.188131,28.88
2015-06-11 22:00:00,490446.084791,28.84
2015-06-11 23:00:00,478375.409356,28.69
2015-06-12 00:00:00,483594.151943,28.61
2015-06-12 01:00:00,484917.451822,28.57
2015-06-12 02:00:00,480630.554333,28.48
2015-06-12 03:00:00,480545.358189,28.41
2015-06-12 04:00:00,474096.686742,28.28
2015-06-12 05:00:00,474387.521275,28.17
2015-06-12 06:00:00,480214.395558,28.15
2015-06-12 07:00:00,476335.48217,28.09
2015-06-12 08:00:00,466487.398462,27.93
2015-06-12 09:00:00,472832.633164,27.85
2015-06-12 10:00:00,468467.977953,27.76
2015-06-12 11:00:00,468241.950293,27.67
2015-06-12 12:00:00,464025.301021,27.55
2015-06-12 13:00:00,462577.687199,27.43
2015-06-12 14:00:00,467110.079552,27.38
2015-06-12 15:00:00,456099.479118,27.23
2015-06-12 16:00:00,458511.570912,27.11
2015-06-12 17:00:00,468556.039511,27.13
2015-06-12 18:00:00,454403.628457,27.0
2015-06-12 19:00:00,453058.445592,26.86
2015-06-12 20:00:00,461026.981148,26.83
2015-06-12 21:00:00,450228.259437,26.71
2015-06-12 22:00:00,455884.942353,26.64
2015-06-12 23:00:00,454025.741571,26.58
2015-06-13 00:00:00,447460.091406,26.45
2015-06-13 01:00:00,453221.738338,26.4
2015-06-13 02:00:00,447357.343354,26.31
2015-06-13 03:00:00,446397.248449,26.21
2015-06-13 04:00:00,443684.02383,26.1
2015-06-13 05:00:00,449403.299553,26.07
2015-06-13 06:00:00,443374.377235,25.98
2015-06-13 07:00:00,444059.627704,25.91
2015-06-13 08:00:00,444686.06533,25.86
2015-06-13 09:00:00,441698.312687,25.78
2015-06-13 10:00:00,446305.917952,25.76
2015-06-13 11:00:00,435884.205895,25.65
2015-06-13 12:00:00,442769.472599,25.6
2015-06-13 13:00:00,432749.758317,25.48
2015-06-13 14:00:00,445136.776113,25.49
2015-06-13 15:00:00,432185.16563,25.38
2015-06-13 16:00:00,441673.747946,25.36
2015-06-13 18:00:00,436831.683217,25.32
2015-06-13 19:00:00,439132.602258,25.29
2015-06-13 20:00:00,437267.484159,25.26
2015-06-13 21:00:00,435801.452104,25.21
2015-06-13 22:00:00,436379.916445,25.17
2015-06-13 23:00:00,440387.9057,25.19
2015-06-14 00:00:00,433397.051273,25.13
2015-06-14 01:00:00,439025.844427,25.13
2015-06-14 02:00:00,431559.800157,25.06
2015-06-14 03:00:00,441163.85632,25.1
2015-06-14 04:00:00,439895.074072,25.13
2015-06-14 05:00:00,437606.082824,25.12
2015-06-14 06:00:00,441456.288428,25.16
2015-06-14 07:00:00,440800.511684,25.18
2015-06-14 08:00:00,443603.635015,25.23
2015-06-14 09:00:00,441820.028399,25.26
2015-06-14 10:00:00,445750.529077,25.32
2015-06-14 11:00:00,448165.883508,25.4
2015-06-14 12:00:00,456218.11171,25.56
2015-06-14 13:00:00,450434.005029,25.64
2015-06-14 15:00:00,464584.274416,25.84
2015-06-14 16:00:00,453039.273177,25.91
2015-06-14 17:00:00,470149.160886,26.12
2015-06-14 19:00:00,468627.219605,26.32
2015-06-14 20:00:00,468604.241886,26.46
2015-06-14 21:00:00,469105.92958,26.59
2015-06-14 22:00:00,470274.886754,26.71
2015-06-14 23:00:00,469644.054056,26.8
2015-06-15 00:00:00,468928.060553,26.87
2015-06-15 01:00:00,482441.0593,27.07
2015-06-15 02:00:00,469683.053069,27.12
2015-06-15 03:00:00,482170.838504,27.26
2015-06-15 04:00:00,478819.410585,27.38
2015-06-15 05:00:00,484868.206478,27.52
2015-06-15 06:00:00,482035.273834,27.62
2015-06-15 07:00:00,487759.443793,27.76
2015-06-15 08:00:00,481735.541616,27.82
2015-06-15 09:00:00,495988.002772,28.0
2015-06-15 10:00:00,488324.318801,28.1
2015-06-15 11:00:00,494842.65061,28.23
2015-06-15 12:00:00,493506.705582,28.34
2015-06-15 13:00:00,490503.066606,28.39
2015-06-15 15:00:00,511053.572288,28.64
2015-06-15 16:00:00,484585.201213,28.61
2015-06-15 17:00:00,511980.448899,28.8
2015-06-15 18:00:00,491102.620453,28.82
2015-06-15 20:00:00,512759.98098,29.0
2015-06-15 21:00:00,499777.406469,29.06
2015-06-15 22:00:00,514474.619455,29.23
2015-06-15 23:00:00,499993.485679,29.26
2015-06-16 00:00:00,508892.461884,29.33
2015-06-16 01:00:00,511936.558115,29.46
2015-06-16 02:00:00,516405.49876,29.6
2015-06-16 03:00:00,504391.165026,29.6
2015-06-16 04:00:00,522299.854648,29.76
2015-06-16 05:00:00,509441.866018,29.8
2015-06-16 06:00:00,521288.542153,29.92
2015-06-16 07:00:00,514169.452344,29.98
2015-06-16 09:00:00,525931.310576,30.12
2015-06-16 10:00:00,529724.741108,30.31
2015-06-16 11:00:00,520398.868599,30.36
2015-06-16 12:00:00,522754.448506,30.41
2015-06-16 14:00:00,537528.581681,30.61
2015-06-16 15:00:00,523964.683364,30.66
2015-06-16 16:00:00,525507.863628,30.69
2015-06-16 17:00:00,525892.955604,30.73
2015-06-16 18:00:00,537908.623887,30.88
2015-06-16 19:00:00,523559.992881,30.88
2015-06-16 20:00:00,540404.850543,31.02
2015-06-16 21:00:00,528723.322999,31.05
2015-06-16 22:00:00,543697.059924,31.19
2015-06-16 23:00:00,533167.16369,31.24
2015-06-17 00:00:00,547243.954467,31.4
2015-06-17 01:00:00,542389.891664,31.51
2015-06-17 02:00:00,540445.8166,31.56
2015-06-17 03:00:00,548875.706943,31.68
2015-06-17 04:00:00,541653.903448,31.73
2015-06-17 05:00:00,553959.021435,31.88
2015-06-17 06:00:00,547115.140255,31.95
2015-06-17 07:00:00,549665.157076,32.02
2015-06-17 08:00:00,547042.209564,32.06
2015-06-17 09:00:00,546506.704321,32.09
2015-06-17 10:00:00,552274.081458,32.1
2015-06-17 11:00:00,550571.556375,32.17
2015-06-17 12:00:00,535645.396004,32.08
2015-06-17 13:00:00,560973.453436,32.22
2015-06-17 14:00:00,552688.099493,32.31
2015-06-17 15:00:00,562817.891047,32.45
2015-06-17 16:00:00,543352.152836,32.4
2015-06-17 17:00:00,560405.517016,32.48
2015-06-17 18:00:00,560671.960612,32.6
2015-06-17 19:00:00,558530.229604,32.66
2015-06-17 20:00:00,551678.948388,32.64
2015-06-17 21:00:00,553720.446334,32.64
2015-06-17 22:00:00,566957.0755,32.78
2015-06-17 23:00:00,564363.897209,32.88
2015-06-18 00:00:00,594093.409522,32.9
2015-06-18 01:00:00,590209.321506,32.93
2015-06-18 02:00:00,589077.3027,32.9
2015-06-18 03:00:00,604909.278639,33.03
2015-06-18 04:00:00,581302.259716,32.94
2015-06-18 05:00:00,593599.839238,32.93
2015-06-18 06:00:00,613421.679791,33.15
2015-06-18 07:00:00,610622.722041,33.32
2015-06-18 08:00:00,594843.025519,33.28
2015-06-18 09:00:00,594804.367966,33.24
2015-06-18 10:00:00,607038.000514,33.33
2015-06-18 11:00:00,592413.605389,33.29
2015-06-18 13:00:00,625552.066853,33.53
2015-06-18 14:00:00,602439.638582,33.57
2015-06-18 17:00:00,629890.734307,33.79
2015-06-18 18:00:00,611263.454172,33.86
2015-06-18 20:00:00,612970.693404,33.89
2015-06-18 21:00:00,616448.319826,33.96
2015-06-18 22:00:00,617470.394706,34.04
2015-06-18 23:00:00,616394.879203,34.09
2015-06-19 00:00:00,622175.735695,34.18
2015-06-19 01:00:00,615623.850793,34.21
2015-06-19 03:00:00,629774.520037,34.34
2015-06-19 04:00:00,619980.954878,34.39
2015-06-19 05:00:00,632509.955488,34.52
2015-06-19 07:00:00,636464.634929,34.69
2015-06-19 08:00:00,631319.204863,34.77
2015-06-19 09:00:00,636777.209233,34.88
2015-06-19 10:00:00,639339.124202,35.01
2015-06-19 11:00:00,642940.29403,35.14
2015-06-19 12:00:00,651854.75173,35.34
2015-06-19 13:00:00,648072.214462,35.47
2015-06-19 14:00:00,635918.099982,35.46
2015-06-19 15:00:00,647624.61038,35.55
2015-06-19 16:00:00,643265.615068,35.61
2015-06-19 17:00:00,645464.476334,35.66
2015-06-19 18:00:00,651275.777887,35.76
2015-06-19 19:00:00,639055.580325,35.74
2015-06-19 20:00:00,660455.17692,35.89
2015-06-19 21:00:00,640618.23606,35.88
2015-06-19 22:00:00,643079.001277,35.86
2015-06-19 23:00:00,671328.102614,36.1
2015-06-20 00:00:00,648413.609909,36.14
2015-06-20 01:00:00,647373.572017,36.1
2015-06-20 02:00:00,660745.528532,36.21
2015-06-20 04:00:00,656018.39509,36.28
2015-06-20 05:00:00,646960.418481,36.24
2015-06-20 08:00:00,658643.437588,36.3
2015-06-20 10:00:00,654137.837859,36.33
2015-06-20 11:00:00,663688.990547,36.42
2015-06-20 13:00:00,647731.529846,36.38
2015-06-20 14:00:00,666971.90269,36.48
2015-06-20 15:00:00,652479.101259,36.48
2015-06-20 16:00:00,672707.764919,36.62
2015-06-20 17:00:00,651147.076102,36.58
2015-06-20 18:00:00,666411.71734,36.64
2015-06-20 19:00:00,649272.204048,36.58
2015-06-20 20:00:00,664831.897848,36.63
2015-06-20 21:00:00,659565.060597,36.66
2015-06-20 22:00:00,654725.102526,36.63
2015-06-20 23:00:00,652425.633429,36.58
2015-06-21 00:00:00,657177.047369,36.58
2015-06-21 01:00:00,693258.88501,36.84
2015-06-21 02:00:00,646578.289912,36.78
2015-06-21 03:00:00,668624.297737,36.8
2015-06-21 05:00:00,666472.145781,36.81
2015-06-21 06:00:00,669546.076051,36.87
2015-06-21 07:00:00,644434.810971,36.78
2015-06-21 08:00:00,655229.371622,36.73
2015-06-21 09:00:00,647747.293254,36.67
2015-06-21 10:00:00,660077.63362,36.68
2015-06-21 11:00:00,697362.152901,36.94
2015-06-21 12:00:00,647058.454037,36.87
2015-06-21 13:00:00,673399.848979,36.91
2015-06-21 14:00:00,638725.797129,36.79
2015-06-21 15:00:00,673875.452576,36.85
2015-06-21 16:00:00,649642.580999,36.82
2015-06-21 17:00:00,669555.517482,36.85
2015-06-21 18:00:00,632623.608145,36.7
2015-06-21 19:00:00,656265.308317,36.66
2015-06-21 20:00:00,664627.55288,36.72
2015-06-21 21:00:00,664076.767777,36.76
2015-06-21 22:00:00,649055.947573,36.69
2015-06-21 23:00:00,656878.479983,36.67
2015-06-22 00:00:00,646807.569624,36.6
2015-06-22 01:00:00,658387.527902,36.6
2015-06-22 02:00:00,672096.134638,36.71
2015-06-22 03:00:00,644512.899538,36.64
2015-06-22 05:00:00,640929.896198,36.47
2015-06-22 07:00:00,663189.371707,36.54
2015-06-22 08:00:00,652202.202212,36.53
2015-06-22 09:00:00,647182.311947,36.45
2015-06-22 10:00:00,655034.631164,36.45
2015-06-22 11:00:00,659321.976689,36.5
2015-06-22 12:00:00,644010.516665,36.41
2015-06-22 13:00:00,654561.402505,36.4
2015-06-22 14:00:00,646318.662295,36.35
2015-06-22 15:00:00,658582.231364,36.39
2015-06-22 16:00:00,651767.545237,36.39
2015-06-22 17:00:00,652026.938741,36.37
2015-06-22 18:00:00,647892.207086,36.33
2015-06-22 19:00:00,644669.898258,36.26
2015-06-22 20:00:00,666134.612652,36.39
2015-06-22 21:00:00,634269.945006,36.25
2015-06-22 22:00:00,652571.44148,36.23
2015-06-22 23:00:00,664496.469167,36.37
2015-06-23 00:00:00,648220.022824,36.35
2015-06-23 01:00:00,644467.37755,36.26
2015-06-23 02:00:00,664155.421066,36.37
2015-06-23 03:00:00,650401.680679,36.37
2015-06-23 04:00:00,657718.36154,36.4
2015-06-23 05:00:00,653643.81775,36.41
2015-06-23 06:00:00,653186.867873,36.4
2015-06-23 10:00:00,677092.324726,36.6
2015-06-23 11:00:00,648417.931809,36.55
2015-06-23 12:00:00,651605.003318,36.48
2015-06-23 13:00:00,663484.96941,36.56
2015-06-23 14:00:00,648118.386994,36.5
2015-06-23 15:00:00,667399.624628,36.58
2015-06-23 16:00:00,649466.306415,36.54
2015-06-23 17:00:00,675219.517245,36.67
2015-06-23 18:00:00,643470.754046,36.58
2015-06-23 19:00:00,649669.711428,36.57
2015-06-23 20:00:00,664808.668323,36.64
2015-06-23 21:00:00,652018.642583,36.61
2015-06-23 22:00:00,657882.017054,36.6
2015-06-23 23:00:00,664301.996012,36.66
2015-06-24 00:00:00,656213.111299,36.65
2015-06-24 02:00:00,648302.662682,36.64
2015-06-24 03:00:00,669205.745739,36.65
2015-06-24 04:00:00,648943.389123,36.61
2015-06-24 05:00:00,666421.224776,36.65
2015-06-24 06:00:00,658802.998232,36.67
2015-06-24 07:00:00,668644.870357,36.73
2015-06-24 08:00:00,645145.856907,36.66
2015-06-24 09:00:00,652763.816287,36.6
2015-06-24 10:00:00,670330.658702,36.7
2015-06-24 11:00:00,642390.8692,36.6
2015-06-24 13:00:00,661680.758206,36.61
2015-06-24 15:00:00,652036.483267,36.58
2015-06-24 17:00:00,648894.175269,36.51
2015-06-24 18:00:00,655935.916416,36.51
2015-06-24 19:00:00,641835.040786,36.4
2015-06-24 20:00:00,670451.058692,36.52
2015-06-24 21:00:00,641467.396502,36.43
2015-06-24 22:00:00,654237.573632,36.41
2015-06-24 23:00:00,647976.378728,36.37
2015-06-25 00:00:00,646833.135768,36.31
2015-06-25 03:00:00,642949.776763,36.24
2015-06-25 04:00:00,662922.505094,36.34
2015-06-25 05:00:00,642116.404135,36.27
2015-06-25 07:00:00,648603.86047,36.23
2015-06-25 09:00:00,643669.120616,36.18
2015-06-25 10:00:00,654039.427051,36.21
2015-06-25 11:00:00,644721.474509,36.18
2015-06-25 12:00:00,645667.621218,36.14
2015-06-25 13:00:00,648659.466826,36.14
2015-06-25 14:00:00,641510.136722,36.08
2015-06-25 15:00:00,641569.780366,36.02
2015-06-25 16:00:00,654441.55708,36.09
2015-06-25 17:00:00,629623.991655,35.94
2015-06-25 18:00:00,650160.407042,35.96
2015-06-25 19:00:00,638068.257364,35.92
2015-06-25 20:00:00,658046.909228,36.02
2015-06-25 21:00:00,641192.545527,35.99
2015-06-25 22:00:00,638060.294643,35.91
2015-06-25 23:00:00,655662.134128,36.0
2015-06-26 00:00:00,652639.740339,36.08
2015-06-26 01:00:00,651926.730767,36.11
2015-06-26 02:00:00,637473.416203,36.02
2015-06-26 03:00:00,654265.406051,36.07
2015-06-26 04:00:00,638567.196999,36.01
2015-06-26 05:00:00,646331.135946,35.99
2015-06-26 06:00:00,645938.799116,36.0
2015-06-26 07:00:00,651200.172675,36.04
2015-06-26 08:00:00,654962.570866,36.12
2015-06-26 09:00:00,654676.554485,36.18
2015-06-26 10:00:00,647412.900932,36.16
2015-06-26 11:00:00,643987.18956,36.11
2015-06-26 12:00:00,640766.549566,36.04
2015-06-26 13:00:00,651358.102607,36.08
2015-06-26 14:00:00,638497.357594,36.01
2015-06-26 15:00:00,654855.703191,36.07
2015-06-26 16:00:00,637616.145243,36.0
2015-06-26 17:00:00,650327.140264,36.02
2015-06-26 18:00:00,638144.650828,35.96
2015-06-26 19:00:00,644798.986758,35.94
2015-06-26 20:00:00,644140.825157,35.94
2015-06-26 21:00:00,641124.55686,35.91
2015-06-26 22:00:00,642798.837685,35.89
2015-06-26 23:00:00,643032.934372,35.88
2015-06-27 00:00:00,633709.806631,35.87
2015-06-27 01:00:00,638014.721525,35.81
2015-06-27 02:00:00,647048.851578,35.85
2015-06-27 03:00:00,635482.917279,35.79
2015-06-27 04:00:00,648819.731745,35.83
2015-06-27 05:00:00,648055.160062,35.89
2015-06-27 06:00:00,638343.984851,35.84
2015-06-27 08:00:00,646469.415443,35.86
2015-06-27 09:00:00,639721.353739,35.83
2015-06-27 10:00:00,652720.793745,35.91
2015-06-27 12:00:00,653400.245345,36.0
2015-06-27 13:00:00,651794.581895,36.05
2015-06-27 14:00:00,647180.557872,36.05
2015-06-27 15:00:00,653416.923622,36.1
2015-06-27 16:00:00,649189.606005,36.12
2015-06-27 17:00:00,648856.798359,36.12
2015-06-27 18:00:00,666913.577269,36.28
2015-06-27 19:00:00,650036.745202,36.29
2015-06-27 21:00:00,659501.380531,36.34
2015-06-27 23:00:00,649133.134306,36.32
2015-06-28 00:00:00,658357.274432,36.36
2015-06-28 01:00:00,655630.345467,36.4
2015-06-28 04:00:00,668710.765117,36.52
2015-06-28 05:00:00,650799.256505,36.5
2015-06-28 06:00:00,673441.496881,36.63
2015-06-28 07:00:00,660981.562289,36.67
2015-06-28 08:00:00,662842.053804,36.69
2015-06-28 09:00:00,659131.839555,36.7
2015-06-28 10:00:00,678131.36936,36.82
2015-06-28 12:00:00,641905.713215,36.72
2015-06-28 13:00:00,666618.142948,36.74
2015-06-28 14:00:00,683842.485919,36.92
2015-06-28 15:00:00,645962.360713,36.83
2015-06-28 16:00:00,672040.899504,36.88
2015-06-28 17:00:00,669761.575055,36.95
2015-06-28 18:00:00,669616.645971,37.01
2015-06-28 19:00:00,685731.987223,37.17
2015-06-28 21:00:00,654956.761283,37.11
2015-06-28 22:00:00,687806.532304,37.26
2015-06-29 00:00:00,657997.831133,37.23
2015-06-29 01:00:00,672459.030334,37.25
2015-06-29 02:00:00,681509.466659,37.39
2015-06-29 05:00:00,688579.135395,37.56
2015-06-29 06:00:00,662967.452353,37.51
2015-06-29 07:00:00,667165.272821,37.46
2015-06-29 08:00:00,672144.136591,37.48
2015-06-29 09:00:00,670129.653241,37.49
2015-06-29 11:00:00,675158.037504,37.53
2015-06-29 12:00:00,665764.713605,37.5
2015-06-29 15:00:00,703386.93911,37.75
2015-06-29 16:00:00,656966.18586,37.65
2015-06-29 17:00:00,671078.483112,37.59
2015-06-29 18:00:00,658408.235447,37.51
2015-06-29 20:00:00,679252.444641,37.56
2015-06-29 21:00:00,680085.819619,37.66
2015-06-29 22:00:00,695599.963227,37.84
2015-06-29 23:00:00,671950.966487,37.82
2015-06-30 00:00:00,665108.780065,37.72
2015-06-30 02:00:00,675623.54115,37.73
2015-06-30 03:00:00,673664.856243,37.74
2015-06-30 06:00:00,709560.162428,38.01
2015-06-30 07:00:00,665678.178714,37.94
2015-06-30 09:00:00,683099.336333,37.94
2015-06-30 14:00:00,734535.050087,38.39
2015-06-30 15:00:00,666997.399539,38.3
2015-06-30 16:00:00,682497.227104,38.29
2015-06-30 17:00:00,694405.702545,38.37
2015-06-30 18:00:00,685055.818572,38.39
2015-06-30 19:00:00,676799.017911,38.32
2015-06-30 20:00:00,703416.623246,38.45
2015-06-30 21:00:00,671229.630845,38.37
2015-07-01 00:00:00,693624.240513,38.41
2015-07-01 01:00:00,690453.707219,38.42
2015-07-01 03:00:00,677051.196501,38.41
2015-07-01 04:00:00,676009.083047,38.34
2015-07-01 05:00:00,675959.928172,38.28
2015-07-01 06:00:00,687278.225968,38.31
2015-07-01 07:00:00,686265.710538,38.34
2015-07-01 08:00:00,650676.364243,38.11
2015-07-01 09:00:00,719728.004601,38.34
2015-07-01 10:00:00,651100.245613,38.16
2015-07-01 11:00:00,697763.03023,38.21
2015-07-01 12:00:00,648600.070977,38.0
2015-07-01 13:00:00,694360.166296,38.01
2015-07-01 14:00:00,664329.10106,37.94
2015-07-01 15:00:00,685574.441387,37.97
2015-07-01 16:00:00,671483.514581,37.94
2015-07-01 17:00:00,674290.027429,37.9
2015-07-01 18:00:00,668449.848304,37.84
2015-07-01 19:00:00,667318.774143,37.77
2015-07-01 20:00:00,683838.054714,37.78
2015-07-01 21:00:00,673842.235076,37.79
2015-07-01 22:00:00,681362.557448,37.83
2015-07-01 23:00:00,659830.67592,37.71
2015-07-02 00:00:00,679429.288731,37.74
2015-07-02 01:00:00,655986.167221,37.61
2015-07-02 02:00:00,670534.691184,37.58
2015-07-02 03:00:00,678477.909576,37.59
2015-07-02 04:00:00,670568.8839,37.59
2015-07-02 05:00:00,664405.025203,37.53
2015-07-02 06:00:00,675439.59813,37.56
2015-07-02 07:00:00,664740.15492,37.52
2015-07-02 08:00:00,671704.942049,37.52
2015-07-02 09:00:00,661259.765559,37.46
2015-07-02 10:00:00,670516.421408,37.46
2015-07-02 11:00:00,664842.890044,37.44
2015-07-02 12:00:00,666651.146832,37.41
2015-07-02 13:00:00,661566.707338,37.37
2015-07-02 14:00:00,675875.535425,37.42
2015-07-02 15:00:00,658069.956642,37.35
2015-07-02 16:00:00,671731.957679,37.37
2015-07-02 17:00:00,661169.448003,37.33
2015-07-02 18:00:00,672480.803148,37.36
2015-07-02 19:00:00,660429.934021,37.31
2015-07-02 20:00:00,669227.51133,37.32
2015-07-02 21:00:00,656842.345596,37.25
2015-07-02 22:00:00,676345.833323,37.32
2015-07-02 23:00:00,652612.592949,37.23
2015-07-03 00:00:00,671722.83257,37.25
2015-07-03 01:00:00,659383.920787,37.22
2015-07-03 02:00:00,670249.985605,37.24
2015-07-03 03:00:00,665189.745391,37.25
2015-07-03 04:00:00,662310.598047,37.22
2015-07-03 05:00:00,665597.771627,37.22
2015-07-03 06:00:00,664832.569886,37.22
2015-07-03 07:00:00,664479.498236,37.21
2015-07-03 08:00:00,655931.728324,37.2
2015-07-03 09:00:00,670129.57735,37.23
2015-07-03 10:00:00,661800.352107,37.21
2015-07-03 11:00:00,656242.617321,37.15
2015-07-03 12:00:00,672182.033915,37.2
2015-07-03 13:00:00,652820.031086,37.13
2015-07-03 14:00:00,676248.797692,37.18
2015-07-03 15:00:00,652774.50819,37.17
2015-07-03 16:00:00,660069.428298,37.12
2015-07-03 17:00:00,669555.991612,37.16
2015-07-03 18:00:00,659929.950939,37.14
2015-07-03 19:00:00,658231.488053,37.09
2015-07-03 20:00:00,667574.751243,37.12
2015-07-03 21:00:00,659459.675493,37.1
2015-07-03 22:00:00,660536.237272,37.07
2015-07-03 23:00:00,653582.546455,37.06
2015-07-04 00:00:00,670653.127464,37.09
2015-07-04 01:00:00,645260.130548,36.99
2015-07-04 02:00:00,671942.842765,37.03
2015-07-04 03:00:00,668471.597584,37.04
2015-07-04 04:00:00,656673.069158,37.01
2015-07-04 05:00:00,667103.810748,37.03
2015-07-04 06:00:00,653594.539679,36.97
2015-07-04 07:00:00,663567.143779,36.97
2015-07-04 08:00:00,654058.691068,36.94
2015-07-04 09:00:00,661532.576852,36.93
2015-07-04 10:00:00,663676.88269,36.95
2015-07-04 11:00:00,651649.660473,36.94
2015-07-04 12:00:00,652366.867265,36.87
2015-07-04 13:00:00,650474.47228,36.86
2015-07-04 14:00:00,650842.527066,36.8
2015-07-04 15:00:00,659693.672718,36.8
2015-07-04 16:00:00,655421.493504,36.78
2015-07-04 17:00:00,656776.907883,36.76
2015-07-04 18:00:00,652605.819129,36.72
2015-07-04 19:00:00,655269.506615,36.69
2015-07-04 20:00:00,651503.224922,36.65
2015-07-04 21:00:00,651110.297344,36.6
2015-07-04 22:00:00,655263.59527,36.58
2015-07-04 23:00:00,652194.082863,36.55
2015-07-05 00:00:00,654491.871409,36.53
2015-07-05 01:00:00,646596.975495,36.46
2015-07-05 02:00:00,659625.078538,36.49
2015-07-05 03:00:00,647623.779164,36.44
2015-07-05 04:00:00,651654.722916,36.41
2015-07-05 05:00:00,649034.646554,36.37
2015-07-05 06:00:00,648223.815776,36.33
2015-07-05 07:00:00,645306.202227,36.27
2015-07-05 08:00:00,657321.894254,36.32
2015-07-05 09:00:00,637769.655305,36.21
2015-07-05 10:00:00,653396.865302,36.22
2015-07-05 11:00:00,643359.552812,36.18
2015-07-05 12:00:00,649640.360133,36.17
2015-07-05 13:00:00,644526.368616,36.14
2015-07-05 14:00:00,643473.601323,36.09
2015-07-05 15:00:00,641070.705637,36.03
2015-07-05 16:00:00,635199.197357,35.93
2015-07-05 17:00:00,655771.638213,35.94
2015-07-05 18:00:00,638593.714312,35.91
2015-07-05 19:00:00,638630.553453,35.84
2015-07-05 20:00:00,629570.19674,35.72
2015-07-05 21:00:00,638828.365854,35.7
2015-07-05 22:00:00,637492.4532,35.68
2015-07-05 23:00:00,635575.479502,35.64
2015-07-06 00:00:00,631941.836598,35.57
2015-07-06 01:00:00,625946.99825,35.46
2015-07-06 02:00:00,638036.492472,35.47
2015-07-06 03:00:00,629234.176586,35.42
2015-07-06 04:00:00,628775.328011,35.35
2015-07-06 05:00:00,630407.457801,35.32
2015-07-06 06:00:00,620982.334976,35.21
2015-07-06 07:00:00,625063.079078,35.14
2015-07-06 08:00:00,623204.302593,35.08
2015-07-06 09:00:00,624784.657568,35.04
2015-07-06 10:00:00,618919.334927,34.96
2015-07-06 11:00:00,622282.840892,34.91
2015-07-06 12:00:00,619335.264769,34.85
2015-07-06 13:00:00,617979.328027,34.78
2015-07-06 14:00:00,626290.338911,34.8
2015-07-06 15:00:00,611134.245419,34.69
2015-07-06 16:00:00,616535.456041,34.62
2015-07-06 17:00:00,613856.161527,34.56
2015-07-06 18:00:00,610893.190034,34.48
2015-07-06 19:00:00,611419.623724,34.41
2015-07-06 20:00:00,612687.302504,34.37
2015-07-06 21:00:00,604292.036964,34.26
2015-07-06 22:00:00,607133.2765,34.18
2015-07-06 23:00:00,606344.559752,34.12
2015-07-07 00:00:00,562169.046965,33.98
2015-07-07 01:00:00,572267.822393,33.91
2015-07-07 02:00:00,568928.786403,33.88
2015-07-07 03:00:00,561612.402272,33.77
2015-07-07 04:00:00,564804.019924,33.7
2015-07-07 05:00:00,561613.65086,33.63
2015-07-07 06:00:00,597243.297187,33.57
2015-07-07 07:00:00,556266.870977,33.49
2015-07-07 08:00:00,557039.155865,33.37
2015-07-07 09:00:00,562976.299317,33.35
2015-07-07 10:00:00,550140.502273,33.22
2015-07-07 11:00:00,554647.896255,33.21
2015-07-07 12:00:00,554455.47869,33.14
2015-07-07 13:00:00,548274.418162,33.02
2015-07-07 14:00:00,555254.852147,32.98
2015-07-07 15:00:00,582793.949201,32.9
2015-07-07 16:00:00,545434.493253,32.82
2015-07-07 17:00:00,548906.652241,32.72
2015-07-07 18:00:00,546620.837494,32.65
2015-07-07 19:00:00,547003.882113,32.59
2015-07-07 20:00:00,542874.986582,32.51
2015-07-07 21:00:00,542139.591186,32.42
2015-07-07 22:00:00,540379.153557,32.34
2015-07-07 23:00:00,543642.456685,32.3
2015-07-08 00:00:00,538035.429622,32.21
2015-07-08 01:00:00,538266.965956,32.14
2015-07-08 02:00:00,535774.691721,32.05
2015-07-08 03:00:00,536226.674771,31.99
2015-07-08 04:00:00,533395.514635,31.9
2015-07-08 05:00:00,538216.094046,31.88
2015-07-08 06:00:00,530284.606855,31.78
2015-07-08 07:00:00,534522.748011,31.73
2015-07-08 08:00:00,529606.361672,31.66
2015-07-08 09:00:00,529631.349289,31.58
2015-07-08 10:00:00,534917.753777,31.57
2015-07-08 11:00:00,536006.745177,31.58
2015-07-08 12:00:00,535739.432905,31.58
2015-07-08 13:00:00,532862.872706,31.56
2015-07-08 14:00:00,527902.251309,31.48
2015-07-08 15:00:00,530239.29702,31.44
2015-07-08 16:00:00,530618.103525,31.41
2015-07-08 17:00:00,523404.291293,31.32
2015-07-08 18:00:00,533309.209284,31.33
2015-07-08 19:00:00,529889.434144,31.32
2015-07-08 20:00:00,527781.005194,31.28
2015-07-08 21:00:00,532113.372352,31.29
2015-07-08 22:00:00,538573.811066,31.3
2015-07-08 23:00:00,522704.412981,31.29
2015-07-09 00:00:00,536012.4045,31.31
2015-07-09 01:00:00,537715.727937,31.39
2015-07-09 02:00:00,533459.864999,31.4
2015-07-09 03:00:00,537102.036338,31.43
2015-07-09 04:00:00,537412.965992,31.47
2015-07-09 05:00:00,541086.061478,31.54
2015-07-09 06:00:00,538341.241279,31.57
2015-07-09 07:00:00,542130.010717,31.63
2015-07-09 08:00:00,539758.288234,31.67
2015-07-09 09:00:00,545564.017832,31.74
2015-07-09 10:00:00,546429.925699,31.83
2015-07-09 11:00:00,546903.114894,31.89
2015-07-09 12:00:00,546902.418889,31.95
2015-07-09 13:00:00,549616.317173,32.03
2015-07-09 14:00:00,548834.66467,32.09
2015-07-09 15:00:00,555521.302802,32.2
2015-07-09 16:00:00,552197.961602,32.26
2015-07-09 17:00:00,556881.928067,32.36
2015-07-09 18:00:00,561990.220941,32.49
2015-07-09 19:00:00,556865.628423,32.56
2015-07-09 20:00:00,562991.685209,32.66
2015-07-09 21:00:00,562316.443175,32.75
2015-07-09 22:00:00,560162.114626,32.8
2015-07-09 23:00:00,568372.375226,32.92
2015-07-10 00:00:00,564511.341354,33.0
2015-07-10 01:00:00,566623.066158,33.06
2015-07-10 02:00:00,573978.344703,33.2
2015-07-10 03:00:00,567421.533428,33.26
2015-07-10 04:00:00,579304.362503,33.4
2015-07-10 05:00:00,612292.771183,33.53
2015-07-10 06:00:00,579808.108427,33.69
2015-07-10 07:00:00,587776.662459,33.81
2015-07-10 08:00:00,577547.846015,33.87
2015-07-10 09:00:00,580820.810175,33.93
2015-07-10 10:00:00,584751.087246,34.03
2015-07-10 11:00:00,589886.526776,34.17
2015-07-10 12:00:00,576724.632832,34.16
2015-07-10 13:00:00,597334.140585,34.32
2015-07-10 14:00:00,616545.870985,34.34
2015-07-10 15:00:00,593700.272528,34.49
2015-07-10 16:00:00,595557.95351,34.57
2015-07-10 17:00:00,625978.610999,34.62
2015-07-10 18:00:00,591800.309051,34.71
2015-07-10 19:00:00,595139.481913,34.75
2015-07-10 20:00:00,597779.003044,34.84
2015-07-10 21:00:00,629761.637301,34.88
2015-07-10 22:00:00,596927.10258,34.98
2015-07-10 23:00:00,601241.099856,35.03
2015-07-11 00:00:00,629017.056858,35.04
2015-07-11 01:00:00,598632.989773,35.13
2015-07-11 02:00:00,644285.927323,35.21
2015-07-11 03:00:00,589464.596958,35.2
2015-07-11 04:00:00,608728.315993,35.26
2015-07-11 05:00:00,598913.682865,35.3
2015-07-11 06:00:00,636720.799993,35.32
2015-07-11 07:00:00,597606.274931,35.36
2015-07-11 08:00:00,605830.165546,35.39
2015-07-11 09:00:00,638131.213163,35.42
2015-07-11 10:00:00,593787.816019,35.4
2015-07-11 11:00:00,612899.859875,35.48
2015-07-11 12:00:00,593445.274051,35.44
2015-07-11 13:00:00,642561.133791,35.47
2015-07-11 14:00:00,597215.58013,35.5
2015-07-11 15:00:00,605967.9157,35.5
2015-07-11 16:00:00,632861.11507,35.47
2015-07-11 17:00:00,601473.859548,35.51
2015-07-11 18:00:00,645355.963238,35.55
2015-07-11 19:00:00,585788.2027,35.45
2015-07-11 20:00:00,610812.641892,35.48
2015-07-11 21:00:00,626674.440744,35.42
2015-07-11 22:00:00,596451.262874,35.41
2015-07-11 23:00:00,596716.821176,35.36
2015-07-12 00:00:00,603132.781795,35.4
2015-07-12 01:00:00,582988.666861,35.27
2015-07-12 02:00:00,590159.767811,35.19
2015-07-12 03:00:00,601138.448184,35.25
2015-07-12 04:00:00,584739.337153,35.16
2015-07-12 05:00:00,597792.313696,35.17
2015-07-12 06:00:00,587930.938536,35.12
2015-07-12 07:00:00,592319.418488,35.09
2015-07-12 08:00:00,612988.648285,34.96
2015-07-12 09:00:00,592076.624575,34.98
2015-07-12 10:00:00,587452.745269,34.92
2015-07-12 11:00:00,587410.438706,34.89
2015-07-12 12:00:00,582654.14619,34.82
2015-07-12 13:00:00,580079.91972,34.74
2015-07-12 14:00:00,588093.990123,34.74
2015-07-12 15:00:00,582202.268691,34.7
2015-07-12 16:00:00,577194.784009,34.6
2015-07-12 17:00:00,577324.187908,34.53
2015-07-12 18:00:00,618600.618779,34.52
2015-07-12 19:00:00,572199.039567,34.45
2015-07-12 20:00:00,618635.505259,34.41
2015-07-12 21:00:00,570710.41654,34.35
2015-07-12 22:00:00,580836.441579,34.3
2015-07-12 23:00:00,569935.601129,34.22
2015-07-13 00:00:00,580361.268217,34.22
2015-07-13 01:00:00,574966.991235,34.19
2015-07-13 02:00:00,573505.421816,34.14
2015-07-13 03:00:00,573193.632751,34.1
2015-07-13 04:00:00,571498.156163,34.05
2015-07-13 05:00:00,571594.640003,34.01
2015-07-13 06:00:00,605257.051749,33.96
2015-07-13 07:00:00,566387.273445,33.92
2015-07-13 08:00:00,572702.101288,33.87
2015-07-13 09:00:00,609228.387075,33.89
2015-07-13 10:00:00,556273.448763,33.76
2015-07-13 11:00:00,579424.679396,33.78
2015-07-13 12:00:00,604596.00162,33.79
2015-07-13 13:00:00,563643.350128,33.74
2015-07-13 14:00:00,616741.125744,33.79
2015-07-13 15:00:00,563107.206871,33.76
2015-07-13 16:00:00,573564.616896,33.73
2015-07-13 17:00:00,573390.913725,33.76
2015-07-13 18:00:00,562904.797468,33.69
2015-07-13 19:00:00,571323.480062,33.69
2015-07-13 20:00:00,568369.39644,33.68
2015-07-13 21:00:00,571242.826812,33.69
2015-07-13 22:00:00,569001.988237,33.68
2015-07-13 23:00:00,567431.271351,33.65
2015-07-14 00:00:00,566672.053251,33.63
2015-07-14 01:00:00,579472.938185,33.72
2015-07-14 02:00:00,564749.565837,33.68
2015-07-14 03:00:00,566179.892325,33.63
2015-07-14 04:00:00,572831.84146,33.66
2015-07-14 05:00:00,574403.046523,33.71
2015-07-14 06:00:00,566658.142699,33.68
2015-07-14 07:00:00,568043.027964,33.65
2015-07-14 08:00:00,573071.174449,33.69
2015-07-14 09:00:00,562353.726458,33.62
2015-07-14 10:00:00,573351.798196,33.64
2015-07-14 11:00:00,560546.882167,33.58
2015-07-14 12:00:00,585729.032978,33.72
2015-07-14 13:00:00,573155.542433,33.77
2015-07-14 14:00:00,563549.608859,33.69
2015-07-14 15:00:00,588123.897917,33.84
2015-07-14 16:00:00,561791.442002,33.76
2015-07-14 17:00:00,589378.183871,33.9
2015-07-14 18:00:00,557108.795049,33.77
2015-07-14 19:00:00,570439.823351,33.73
2015-07-14 20:00:00,578486.858924,33.81
2015-07-14 21:00:00,574143.650725,33.84
2015-07-14 22:00:00,576963.328892,33.87
2015-07-14 23:00:00,559936.463539,33.75
2015-07-15 00:00:00,583456.861266,33.85
2015-07-15 01:00:00,569309.341993,33.84
2015-07-15 02:00:00,571407.131205,33.81
2015-07-15 03:00:00,579341.201544,33.88
2015-07-15 04:00:00,574220.473764,33.9
2015-07-15 05:00:00,567862.711325,33.84
2015-07-15 06:00:00,569528.645071,33.8
2015-07-15 07:00:00,575696.089258,33.84
2015-07-15 08:00:00,568157.358956,33.8
2015-07-15 09:00:00,575783.44952,33.83
2015-07-15 10:00:00,580777.068446,33.91
2015-07-15 11:00:00,613759.055799,33.96
2015-07-15 12:00:00,557875.507666,33.84
2015-07-15 13:00:00,587872.341303,33.91
2015-07-15 14:00:00,561437.426106,33.83
2015-07-15 15:00:00,573567.72542,33.81
2015-07-15 16:00:00,577175.477821,33.87
2015-07-15 17:00:00,597772.737834,33.79
2015-07-15 18:00:00,572427.277158,33.81
2015-07-15 19:00:00,615840.869312,33.86
2015-07-15 20:00:00,554318.091297,33.73
2015-07-15 21:00:00,578773.932882,33.74
2015-07-15 22:00:00,560105.387237,33.66
2015-07-15 23:00:00,569842.59384,33.64
2015-07-16 00:00:00,580984.687208,33.76
2015-07-16 01:00:00,561036.117809,33.68
2015-07-16 02:00:00,578804.72234,33.74
2015-07-16 03:00:00,559900.821402,33.65
2015-07-16 04:00:00,568580.444993,33.63
2015-07-16 05:00:00,560912.811986,33.56
2015-07-16 06:00:00,567963.748748,33.55
2015-07-16 07:00:00,563386.227573,33.52
2015-07-16 08:00:00,562259.90837,33.47
2015-07-16 09:00:00,565794.172727,33.46
2015-07-16 10:00:00,557700.01542,33.38
2015-07-16 11:00:00,556687.860033,33.3
2015-07-16 12:00:00,556486.367632,33.23
2015-07-16 13:00:00,557108.083357,33.18
2015-07-16 14:00:00,591661.178935,33.15
2015-07-16 15:00:00,555595.366194,33.13
2015-07-16 16:00:00,563091.669841,33.11
2015-07-16 17:00:00,556105.590592,33.08
2015-07-16 18:00:00,549007.188398,32.97
2015-07-16 19:00:00,588175.634766,32.93
2015-07-16 20:00:00,547291.168378,32.87
2015-07-16 21:00:00,553800.97011,32.8
2015-07-16 22:00:00,543050.622945,32.69
2015-07-16 23:00:00,551780.912382,32.67
2015-07-17 00:00:00,546228.528975,32.61
2015-07-17 01:00:00,535791.351797,32.45
2015-07-17 02:00:00,548185.013527,32.42
2015-07-17 03:00:00,532782.427252,32.28
2015-07-17 04:00:00,548887.819568,32.28
2015-07-17 05:00:00,532886.759684,32.16
2015-07-17 06:00:00,541475.719374,32.11
2015-07-17 07:00:00,525506.290463,31.94
2015-07-17 08:00:00,547091.43235,31.98
2015-07-17 09:00:00,516239.341383,31.75
2015-07-17 10:00:00,542080.530364,31.75
2015-07-17 11:00:00,525126.074002,31.65
2015-07-17 12:00:00,534240.517467,31.61
2015-07-17 13:00:00,527397.839632,31.53
2015-07-17 14:00:00,525860.3938,31.44
2015-07-17 15:00:00,523017.488059,31.34
2015-07-17 16:00:00,519963.375041,31.22
2015-07-17 17:00:00,518938.81459,31.11
2015-07-17 18:00:00,514413.119838,30.97
2015-07-17 19:00:00,523723.132046,30.95
2015-07-17 20:00:00,514440.309126,30.85
2015-07-17 21:00:00,513831.006485,30.74
2015-07-17 22:00:00,520962.442294,30.72
2015-07-17 23:00:00,507622.230836,30.59
2015-07-18 00:00:00,514589.714239,30.52
2015-07-18 01:00:00,507081.536864,30.41
2015-07-18 02:00:00,512213.934151,30.35
2015-07-18 03:00:00,505510.737734,30.25
2015-07-18 04:00:00,509649.311291,30.19
2015-07-18 05:00:00,497978.892281,30.04
2015-07-18 06:00:00,511199.090301,30.02
2015-07-18 07:00:00,502164.630184,29.95
2015-07-18 08:00:00,505169.297152,29.89
2015-07-18 09:00:00,497841.38958,29.78
2015-07-18 10:00:00,508380.906323,29.78
2015-07-18 11:00:00,491258.761213,29.63
2015-07-18 12:00:00,511505.300668,29.67
2015-07-18 13:00:00,498654.10476,29.62
2015-07-18 14:00:00,497077.460017,29.53
2015-07-18 15:00:00,503023.982484,29.52
2015-07-18 16:00:00,497009.218414,29.46
2015-07-18 17:00:00,488810.731684,29.32
2015-07-18 18:00:00,508828.932816,29.33
2015-07-18 19:00:00,495054.702689,29.3
2015-07-18 20:00:00,500037.374528,29.28
2015-07-18 21:00:00,490921.527042,29.2
2015-07-18 22:00:00,494542.760316,29.15
2015-07-18 23:00:00,494086.493665,29.11
2015-07-19 00:00:00,490119.998295,29.1
2015-07-19 01:00:00,495766.046004,29.08
2015-07-19 02:00:00,485298.486317,28.97
2015-07-19 03:00:00,496219.983128,28.97
2015-07-19 04:00:00,494736.496131,28.98
2015-07-19 05:00:00,493808.957314,28.96
2015-07-19 06:00:00,489984.845477,28.91
2015-07-19 07:00:00,489525.112472,28.86
2015-07-19 08:00:00,490730.945131,28.84
2015-07-19 09:00:00,499859.134997,28.9
2015-07-19 10:00:00,486114.922429,28.89
2015-07-19 11:00:00,494529.927886,28.88
2015-07-19 12:00:00,496907.123784,28.92
2015-07-19 13:00:00,498320.129704,28.96
2015-07-19 14:00:00,494894.309423,28.96
2015-07-19 15:00:00,498805.471469,29.0
2015-07-19 16:00:00,502176.993637,29.01
2015-07-19 17:00:00,496139.545992,29.02
2015-07-19 18:00:00,501469.693443,29.07
2015-07-19 19:00:00,501083.229666,29.12
2015-07-19 20:00:00,497540.985565,29.12
2015-07-19 21:00:00,500385.32635,29.15
2015-07-19 22:00:00,510909.782881,29.28
2015-07-19 23:00:00,498795.67165,29.28
2015-07-20 00:00:00,512949.93791,29.4
2015-07-20 01:00:00,503547.833153,29.43
2015-07-20 02:00:00,507583.396977,29.48
2015-07-20 03:00:00,510156.718094,29.55
2015-07-20 04:00:00,512132.235469,29.64
2015-07-20 05:00:00,510236.988981,29.69
2015-07-20 06:00:00,511465.198496,29.74
2015-07-20 07:00:00,517739.649373,29.85
2015-07-20 08:00:00,514840.213175,29.91
2015-07-20 09:00:00,515033.986107,29.96
2015-07-20 10:00:00,517205.503537,30.03
2015-07-20 11:00:00,517945.469717,30.1
2015-07-20 12:00:00,527585.979181,30.25
2015-07-20 13:00:00,521377.801986,30.33
2015-07-20 14:00:00,528898.449546,30.44
2015-07-20 15:00:00,524569.213828,30.52
2015-07-20 16:00:00,528243.41809,30.6
2015-07-20 17:00:00,525990.407832,30.66
2015-07-20 18:00:00,534383.633675,30.79
2015-07-20 19:00:00,527481.921243,30.84
2015-07-20 20:00:00,534545.764697,30.93
2015-07-20 21:00:00,529990.665672,30.98
2015-07-20 22:00:00,527891.991978,30.99
2015-07-20 23:00:00,536380.480407,31.08
2015-07-21 00:00:00,532187.612922,31.13
2015-07-21 01:00:00,540548.332832,31.24
2015-07-21 02:00:00,533101.625122,31.28
2015-07-21 03:00:00,538825.790329,31.35
2015-07-21 04:00:00,540937.085413,31.44
2015-07-21 05:00:00,533279.938714,31.44
2015-07-21 06:00:00,541470.755537,31.51
2015-07-21 07:00:00,538947.141124,31.56
2015-07-21 08:00:00,540993.000041,31.61
2015-07-21 09:00:00,534351.318726,31.59
2015-07-21 10:00:00,549014.723739,31.71
2015-07-21 11:00:00,534532.13362,31.69
2015-07-21 12:00:00,543706.643375,31.73
2015-07-21 13:00:00,542406.712243,31.78
2015-07-21 14:00:00,542731.961125,31.82
2015-07-21 15:00:00,537884.427926,31.8
2015-07-21 16:00:00,554945.919299,31.94
2015-07-21 17:00:00,541500.416141,31.96
2015-07-21 18:00:00,543496.254367,31.96
2015-07-21 19:00:00,541756.076114,31.96
2015-07-21 20:00:00,547486.723636,32.01
2015-07-21 21:00:00,543821.21869,32.03
2015-07-21 22:00:00,552410.824264,32.11
2015-07-21 23:00:00,543394.782973,32.11
2015-07-22 00:00:00,551655.119191,32.17
2015-07-22 01:00:00,541393.502382,32.15
2015-07-22 02:00:00,546124.311465,32.15
2015-07-22 03:00:00,548837.386669,32.19
2015-07-22 04:00:00,549841.475044,32.23
2015-07-22 05:00:00,547941.987308,32.25
2015-07-22 06:00:00,555112.134166,32.26
2015-07-22 07:00:00,547814.835387,32.28
2015-07-22 08:00:00,549688.265575,32.3
2015-07-22 09:00:00,550206.352999,32.32
2015-07-22 10:00:00,547689.395793,32.32
2015-07-22 11:00:00,553380.000412,32.37
2015-07-22 12:00:00,541668.10163,32.31
2015-07-22 13:00:00,553504.814644,32.36
2015-07-22 14:00:00,551388.254845,32.4
2015-07-22 15:00:00,550145.009284,32.41
2015-07-22 16:00:00,547565.973317,32.39
2015-07-22 17:00:00,552833.228547,32.42
2015-07-22 18:00:00,545173.024111,32.39
2015-07-22 19:00:00,556139.677461,32.45
2015-07-22 20:00:00,542479.352642,32.39
2015-07-22 21:00:00,549518.068749,32.38
2015-07-22 22:00:00,548888.852901,32.39
2015-07-22 23:00:00,545224.704839,32.36
2015-07-23 00:00:00,547810.024688,32.35
2015-07-23 01:00:00,546139.439509,32.33
2015-07-23 02:00:00,549079.068572,32.34
2015-07-23 03:00:00,545912.296562,32.32
2015-07-23 04:00:00,545003.285186,32.3
2015-07-23 05:00:00,542082.567301,32.25
2015-07-23 06:00:00,545927.408762,32.24
2015-07-23 07:00:00,543260.208191,32.21
2015-07-23 08:00:00,546252.124771,32.21
2015-07-23 09:00:00,542550.021642,32.19
2015-07-23 10:00:00,537980.483679,32.11
2015-07-23 11:00:00,541076.753156,32.08
2015-07-23 12:00:00,546490.503901,32.1
2015-07-23 13:00:00,539147.853442,32.06
2015-07-23 14:00:00,536134.87463,31.99
2015-07-23 15:00:00,542728.589721,31.99
2015-07-23 16:00:00,534505.396091,31.92
2015-07-23 17:00:00,539440.390392,31.89
2015-07-23 18:00:00,535828.366401,31.85
2015-07-23 19:00:00,536842.936603,31.82
2015-07-23 20:00:00,534186.464484,31.77
2015-07-23 21:00:00,535519.35894,31.73
2015-07-23 22:00:00,529931.829464,31.66
2015-07-23 23:00:00,531397.485018,31.6
2015-07-24 00:00:00,535140.873241,31.59
2015-07-24 01:00:00,530357.801319,31.54
2015-07-24 02:00:00,529558.702919,31.48
2015-07-24 03:00:00,529794.559255,31.44
2015-07-24 04:00:00,521984.866704,31.33
2015-07-24 05:00:00,532624.436338,31.33
2015-07-24 06:00:00,520336.946925,31.23
2015-07-24 07:00:00,530030.658534,31.21
2015-07-24 08:00:00,514138.601114,31.07
2015-07-24 09:00:00,532701.252859,31.09
2015-07-24 10:00:00,521875.133334,31.05
2015-07-24 11:00:00,522626.101206,30.99
2015-07-24 12:00:00,519517.924977,30.92
2015-07-24 13:00:00,517768.72131,30.85
2015-07-24 14:00:00,517625.606824,30.78
2015-07-24 15:00:00,517226.231531,30.72
2015-07-24 16:00:00,514414.257977,30.65
2015-07-24 17:00:00,515395.705586,30.59
2015-07-24 18:00:00,514045.972248,30.53
2015-07-24 19:00:00,513335.427491,30.47
2015-07-24 20:00:00,508006.202009,30.37
2015-07-24 21:00:00,510502.583343,30.3
2015-07-24 22:00:00,506757.76254,30.22
2015-07-24 23:00:00,507879.153865,30.15
2015-07-25 00:00:00,505516.289693,30.07
2015-07-25 01:00:00,503647.781372,29.99
2015-07-25 02:00:00,499810.744027,29.88
2015-07-25 03:00:00,501828.462642,29.8
2015-07-25 04:00:00,459637.311369,29.72
2015-07-25 05:00:00,500900.847852,29.63
2015-07-25 06:00:00,450421.575759,29.51
2015-07-25 07:00:00,462576.076021,29.45
2015-07-25 08:00:00,452526.375322,29.36
2015-07-25 09:00:00,494037.43615,29.28
2015-07-25 10:00:00,486982.708515,29.2
2015-07-25 11:00:00,449720.418341,29.09
2015-07-25 12:00:00,488919.547248,28.98
2015-07-25 13:00:00,485155.191254,28.92
2015-07-25 14:00:00,483712.034237,28.81
2015-07-25 15:00:00,446151.266512,28.73
2015-07-25 16:00:00,447132.419709,28.63
2015-07-25 17:00:00,441390.666859,28.53
2015-07-25 18:00:00,440431.288096,28.43
2015-07-25 19:00:00,435356.359828,28.3
2015-07-25 20:00:00,478282.817624,28.23
2015-07-25 21:00:00,430884.732702,28.11
2015-07-25 22:00:00,438422.576177,28.01
2015-07-25 23:00:00,432182.990674,27.91
2015-07-26 00:00:00,429650.796587,27.78
2015-07-26 01:00:00,468465.961475,27.7
2015-07-26 02:00:00,425593.255855,27.6
2015-07-26 03:00:00,431157.768091,27.5
2015-07-26 04:00:00,425510.43481,27.4
2015-07-26 05:00:00,426626.642921,27.31
2015-07-26 06:00:00,422420.885589,27.2
2015-07-26 07:00:00,425352.930439,27.14
2015-07-26 08:00:00,422384.916214,27.05
2015-07-26 09:00:00,420130.703054,26.95
2015-07-26 10:00:00,456365.52862,26.87
2015-07-26 11:00:00,450888.645615,26.77
2015-07-26 12:00:00,419390.312132,26.7
2015-07-26 13:00:00,457439.210039,26.63
2015-07-26 14:00:00,449669.215845,26.56
2015-07-26 15:00:00,452556.799667,26.49
2015-07-26 16:00:00,412076.891602,26.38
2015-07-26 17:00:00,421802.902153,26.35
2015-07-26 18:00:00,412080.550804,26.28
2015-07-26 19:00:00,452402.972071,26.24
2015-07-26 20:00:00,443654.950983,26.18
2015-07-26 21:00:00,415456.297737,26.14
2015-07-26 22:00:00,453079.24346,26.12
2015-07-26 23:00:00,446965.072247,26.1
2015-07-27 00:00:00,449779.257573,26.07
2015-07-27 01:00:00,414436.493568,26.05
2015-07-27 02:00:00,420236.444777,26.06
2015-07-27 03:00:00,415511.347873,26.06
2015-07-27 04:00:00,415737.648286,26.05
2015-07-27 05:00:00,415092.707295,26.04
2015-07-27 06:00:00,416639.766677,26.05
2015-07-27 07:00:00,456362.346466,26.1
2015-07-27 08:00:00,411901.066391,26.09
2015-07-27 09:00:00,424778.233017,26.13
2015-07-27 10:00:00,454724.931017,26.17
2015-07-27 11:00:00,450789.058525,26.18
2015-07-27 12:00:00,422448.963655,26.23
2015-07-27 13:00:00,463835.133886,26.24
2015-07-27 14:00:00,454275.189789,26.29
2015-07-27 15:00:00,458530.673228,26.32
2015-07-27 16:00:00,454227.170631,26.31
2015-07-27 17:00:00,423413.145525,26.35
2015-07-27 18:00:00,460086.302515,26.36
2015-07-27 19:00:00,455864.220726,26.4
2015-07-27 20:00:00,457058.484246,26.4
2015-07-27 21:00:00,462778.999393,26.47
2015-07-27 22:00:00,423117.268378,26.5
2015-07-27 23:00:00,469227.96729,26.51
2015-07-28 00:00:00,418191.811495,26.52
2015-07-28 01:00:00,427248.084116,26.52
2015-07-28 02:00:00,421315.528639,26.52
2015-07-28 03:00:00,424447.422579,26.54
2015-07-28 04:00:00,459298.481424,26.55
2015-07-28 05:00:00,418468.453438,26.54
2015-07-28 06:00:00,425718.356874,26.53
2015-07-28 07:00:00,422464.248161,26.54
2015-07-28 08:00:00,421218.414586,26.52
2015-07-28 09:00:00,423158.181614,26.53
2015-07-28 10:00:00,421367.477343,26.52
2015-07-28 11:00:00,455207.33077,26.49
2015-07-28 12:00:00,456832.201064,26.51
2015-07-28 13:00:00,458045.276208,26.51
2015-07-28 14:00:00,422703.814645,26.52
2015-07-28 15:00:00,458717.080974,26.49
2015-07-28 16:00:00,456576.118983,26.51
2015-07-28 17:00:00,416469.58945,26.5
2015-07-28 18:00:00,429239.426292,26.53
2015-07-28 19:00:00,420305.489292,26.52
2015-07-28 20:00:00,423925.902681,26.53
2015-07-28 21:00:00,422016.165828,26.53
2015-07-28 22:00:00,421745.392915,26.52
2015-07-28 23:00:00,461098.467184,26.55
2015-07-29 00:00:00,418021.642519,26.54
2015-07-29 01:00:00,426789.367482,26.54
2015-07-29 02:00:00,460478.724551,26.56
2015-07-29 03:00:00,449359.497703,26.55
2015-07-29 04:00:00,464128.716244,26.59
2015-07-29 05:00:00,457055.049595,26.58
2015-07-29 06:00:00,460904.829555,26.59
2015-07-29 07:00:00,423594.128228,26.6
2015-07-29 08:00:00,433317.626548,26.61
2015-07-29 09:00:00,416454.158561,26.6
2015-07-29 10:00:00,427611.788063,26.62
2015-07-29 11:00:00,422434.484388,26.62
2015-07-29 12:00:00,428714.970664,26.67
2015-07-29 13:00:00,421112.15295,26.65
2015-07-29 14:00:00,459389.344081,26.63
2015-07-29 15:00:00,455875.283448,26.63
2015-07-29 16:00:00,462784.809622,26.66
2015-07-29 17:00:00,458132.76481,26.64
2015-07-29 18:00:00,459853.061582,26.63
2015-07-29 19:00:00,421990.058317,26.61
2015-07-29 20:00:00,466487.062372,26.64
2015-07-29 21:00:00,450831.220279,26.59
2015-07-29 22:00:00,425550.613922,26.6
2015-07-29 23:00:00,425872.18311,26.6
2015-07-30 00:00:00,458727.991516,26.59
2015-07-30 01:00:00,455918.460425,26.59
2015-07-30 02:00:00,424264.779485,26.6
2015-07-30 03:00:00,426500.821321,26.6
2015-07-30 04:00:00,423147.414145,26.6
2015-07-30 05:00:00,458225.538258,26.58
2015-07-30 06:00:00,455503.251072,26.58
2015-07-30 07:00:00,460435.974797,26.59
2015-07-30 08:00:00,458941.659301,26.59
2015-07-30 09:00:00,424129.853576,26.6
2015-07-30 10:00:00,460650.126134,26.57
2015-07-30 11:00:00,422739.355023,26.61
2015-07-30 12:00:00,427973.82895,26.62
2015-07-30 13:00:00,420552.170029,26.6
2015-07-30 14:00:00,426632.493036,26.62
2015-07-30 15:00:00,422939.760651,26.62
2015-07-30 16:00:00,456844.15798,26.59
2015-07-30 17:00:00,420587.605735,26.6
2015-07-30 18:00:00,461702.743994,26.58
2015-07-30 19:00:00,451791.647467,26.55
2015-07-30 20:00:00,422893.738267,26.54
2015-07-30 21:00:00,423722.930513,26.52
2015-07-30 22:00:00,418291.646478,26.48
2015-07-30 23:00:00,422249.599486,26.48
2015-07-31 00:00:00,456537.535304,26.47
2015-07-31 01:00:00,413883.177209,26.42
2015-07-31 02:00:00,462458.941518,26.43
2015-07-31 03:00:00,412751.330288,26.39
2015-07-31 04:00:00,468863.422152,26.4
2015-07-31 05:00:00,412230.399724,26.37
2015-07-31 06:00:00,424058.538444,26.35
2015-07-31 07:00:00,450513.248889,26.31
2015-07-31 08:00:00,450834.884733,26.29
2015-07-31 09:00:00,413422.253161,26.28
2015-07-31 10:00:00,420195.63199,26.25
2015-07-31 11:00:00,448755.051453,26.2
2015-07-31 12:00:00,451468.163991,26.21
2015-07-31 13:00:00,449718.58237,26.17
2015-07-31 14:00:00,416192.385323,26.15
2015-07-31 15:00:00,448026.287913,26.07
2015-07-31 16:00:00,411580.769985,26.05
2015-07-31 17:00:00,451837.594177,26.02
2015-07-31 18:00:00,410098.565587,26.0
2015-07-31 19:00:00,416831.822587,25.97
2015-07-31 20:00:00,405807.27043,25.88
2015-07-31 21:00:00,416364.646575,25.9
2015-07-31 22:00:00,443403.26699,25.85
2015-07-31 23:00:00,406956.206229,25.81
2015-08-01 00:00:00,416224.522065,25.81
2015-08-01 01:00:00,444588.037151,25.78
2015-08-01 02:00:00,442982.457895,25.76
2015-08-01 03:00:00,442800.735547,25.71
2015-08-01 04:00:00,440227.155829,25.65
2015-08-01 05:00:00,445983.157352,25.65
2015-08-01 06:00:00,407835.593585,25.62
2015-08-01 07:00:00,447600.070059,25.6
2015-08-01 08:00:00,401814.33602,25.55
2015-08-01 09:00:00,444824.384896,25.51
2015-08-01 10:00:00,436159.779457,25.48
2015-08-01 11:00:00,438807.442442,25.42
2015-08-01 12:00:00,405041.016942,25.39
2015-08-01 13:00:00,442175.033215,25.36
2015-08-01 14:00:00,433944.25662,25.32
2015-08-01 15:00:00,444461.456248,25.34
2015-08-01 16:00:00,401950.422478,25.3
2015-08-01 17:00:00,440997.959728,25.26
2015-08-01 18:00:00,431583.984266,25.21
2015-08-01 19:00:00,440506.720557,25.21
2015-08-01 20:00:00,436129.198586,25.18
2015-08-01 21:00:00,438634.361887,25.17
2015-08-01 22:00:00,434764.283095,25.13
2015-08-01 23:00:00,435464.097973,25.1
2015-08-02 00:00:00,436877.047647,25.09
2015-08-02 01:00:00,400056.253654,25.05
2015-08-02 02:00:00,403492.064236,25.03
2015-08-02 03:00:00,398105.560891,24.98
2015-08-02 04:00:00,403726.603009,25.0
2015-08-02 05:00:00,399791.887539,24.98
2015-08-02 06:00:00,433161.864683,24.95
2015-08-02 07:00:00,398720.868192,24.96
2015-08-02 08:00:00,436808.383042,24.93
2015-08-02 09:00:00,394907.708958,24.91
2015-08-02 10:00:00,401537.928447,24.87
2015-08-02 11:00:00,398709.59479,24.86
2015-08-02 12:00:00,397265.77129,24.83
2015-08-02 13:00:00,396622.369197,24.79
2015-08-02 14:00:00,396680.701005,24.77
2015-08-02 15:00:00,428036.085347,24.72
2015-08-02 16:00:00,423628.032766,24.66
2015-08-02 17:00:00,429489.768626,24.63
2015-08-02 18:00:00,391496.098925,24.57
2015-08-02 19:00:00,423878.583526,24.47
2015-08-02 20:00:00,386763.464801,24.41
2015-08-02 21:00:00,390467.230832,24.33
2015-08-02 22:00:00,389457.868622,24.29
2015-08-02 23:00:00,388606.476263,24.25
2015-08-03 00:00:00,423810.264022,24.23
2015-08-03 01:00:00,385944.444051,24.2
2015-08-03 02:00:00,389341.124259,24.14
2015-08-03 03:00:00,420829.171383,24.11
2015-08-03 04:00:00,383922.473168,24.08
2015-08-03 05:00:00,388320.730403,24.03
2015-08-03 06:00:00,383769.557717,23.97
2015-08-03 07:00:00,385835.881664,23.95
2015-08-03 08:00:00,413378.198585,23.87
2015-08-03 09:00:00,412166.965504,23.81
2015-08-03 10:00:00,381692.022934,23.76
2015-08-03 11:00:00,422835.411694,23.78
2015-08-03 12:00:00,379284.23194,23.75
2015-08-03 13:00:00,420693.03628,23.73
2015-08-03 14:00:00,410822.461928,23.71
2015-08-03 15:00:00,414412.518313,23.66
2015-08-03 16:00:00,379257.588776,23.61
2015-08-03 17:00:00,384808.742978,23.59
2015-08-03 18:00:00,411693.863055,23.56
2015-08-03 19:00:00,377661.216953,23.53
2015-08-03 20:00:00,379017.919296,23.46
2015-08-03 21:00:00,379332.036369,23.44
2015-08-03 22:00:00,376213.962879,23.39
2015-08-03 23:00:00,378051.16172,23.36
2015-08-04 00:00:00,377896.021126,23.34
2015-08-04 01:00:00,374258.409785,23.28
2015-08-04 02:00:00,375122.464207,23.24
2015-08-04 03:00:00,375660.186163,23.21
2015-08-04 04:00:00,374524.376235,23.18
2015-08-04 05:00:00,374938.015458,23.15
2015-08-04 06:00:00,405741.657624,23.11
2015-08-04 07:00:00,401534.980896,23.07
2015-08-04 08:00:00,405990.605977,23.04
2015-08-04 09:00:00,372038.71825,23.01
2015-08-04 10:00:00,403963.080212,22.94
2015-08-04 11:00:00,402580.742255,22.94
2015-08-04 12:00:00,402307.081155,22.89
2015-08-04 13:00:00,369813.105191,22.85
2015-08-04 14:00:00,370568.547284,22.79
2015-08-04 15:00:00,367391.584102,22.73
2015-08-04 16:00:00,399219.549244,22.69
2015-08-04 17:00:00,390366.971816,22.58
2015-08-04 18:00:00,396458.924501,22.52
2015-08-04 19:00:00,364321.412874,22.48
2015-08-04 20:00:00,366226.997501,22.42
2015-08-04 21:00:00,361828.494616,22.36
2015-08-04 22:00:00,362926.791127,22.32
2015-08-04 23:00:00,363344.210728,22.29
2015-08-05 00:00:00,360141.604438,22.23
2015-08-05 01:00:00,361767.713251,22.19
2015-08-05 02:00:00,360117.921965,22.15
2015-08-05 03:00:00,361315.568536,22.12
2015-08-05 04:00:00,358429.121442,22.11
2015-08-05 05:00:00,359331.193152,22.06
2015-08-05 06:00:00,362712.101035,22.07
2015-08-05 07:00:00,355571.058827,21.99
2015-08-05 08:00:00,359686.728679,21.96
2015-08-05 09:00:00,355572.155696,21.9
2015-08-05 10:00:00,357514.348028,21.87
2015-08-05 11:00:00,355864.11676,21.82
2015-08-05 12:00:00,359153.941098,21.82
2015-08-05 13:00:00,354436.930257,21.77
2015-08-05 14:00:00,353060.573148,21.7
2015-08-05 15:00:00,352585.369041,21.64
2015-08-05 16:00:00,353054.399372,21.59
2015-08-05 17:00:00,349616.383862,21.51
2015-08-05 18:00:00,350945.522738,21.46
2015-08-05 19:00:00,351239.864128,21.42
2015-08-05 20:00:00,348726.95489,21.36
2015-08-05 21:00:00,356730.393671,21.41
2015-08-05 22:00:00,355483.483433,21.44
2015-08-05 23:00:00,356903.609529,21.48
2015-08-06 00:00:00,361236.052282,21.57
2015-08-06 01:00:00,353821.243842,21.55
2015-08-06 02:00:00,355336.931339,21.54
2015-08-06 03:00:00,357271.064492,21.57
2015-08-06 04:00:00,358865.388076,21.61
2015-08-06 05:00:00,356715.938699,21.62
2015-08-06 06:00:00,355751.827776,21.61
2015-08-06 07:00:00,355496.5758,21.6
2015-08-06 08:00:00,356014.539517,21.6
2015-08-06 09:00:00,354606.676014,21.58
2015-08-06 10:00:00,351740.116883,21.57
2015-08-06 11:00:00,352981.542497,21.53
2015-08-06 12:00:00,353622.236307,21.51
2015-08-06 13:00:00,346488.206917,21.41
2015-08-06 14:00:00,347106.735647,21.32
2015-08-06 15:00:00,350099.894955,21.29
2015-08-06 16:00:00,346132.2091,21.22
2015-08-06 17:00:00,344356.606712,21.13
2015-08-06 18:00:00,345149.172336,21.07
2015-08-06 19:00:00,343639.128098,21.0
2015-08-06 20:00:00,341477.057865,20.91
2015-08-06 21:00:00,341788.76451,20.84
2015-08-06 22:00:00,336621.617691,20.72
2015-08-06 23:00:00,336955.213893,20.62
2015-08-07 00:00:00,337991.936533,20.55
2015-08-07 01:00:00,336492.858871,20.48
2015-08-07 02:00:00,335812.221502,20.4
2015-08-07 03:00:00,333499.209298,20.31
2015-08-07 04:00:00,335234.763698,20.25
2015-08-07 05:00:00,332892.9435,20.18
2015-08-07 06:00:00,333123.454003,20.12
2015-08-07 07:00:00,330800.632019,20.05
2015-08-07 08:00:00,331869.739768,19.99
2015-08-07 09:00:00,332995.711445,19.95
2015-08-07 10:00:00,327265.247813,19.85
2015-08-07 11:00:00,334698.258495,19.84
2015-08-07 12:00:00,327575.006352,19.76
2015-08-07 13:00:00,325159.690304,19.65
2015-08-07 14:00:00,324862.60755,19.56
2015-08-07 15:00:00,325159.258649,19.48
2015-08-07 16:00:00,322902.454544,19.38
2015-08-07 17:00:00,321298.570557,19.28
2015-08-07 18:00:00,319560.908817,19.17
2015-08-07 19:00:00,318391.653364,19.06
2015-08-07 20:00:00,316997.799238,18.96
2015-08-07 21:00:00,316941.413222,18.86
2015-08-07 22:00:00,317804.18406,18.78
2015-08-07 23:00:00,313651.374135,18.66
2015-08-08 00:00:00,301343.060004,18.59
2015-08-08 01:00:00,299822.548841,18.51
2015-08-08 02:00:00,300672.678873,18.46
2015-08-08 03:00:00,301215.912295,18.43
2015-08-08 04:00:00,297730.006682,18.35
2015-08-08 05:00:00,300871.951407,18.33
2015-08-08 06:00:00,299060.519855,18.29
2015-08-08 07:00:00,302192.804845,18.29
2015-08-08 08:00:00,304247.719372,18.32
2015-08-08 09:00:00,300815.928706,18.3
2015-08-08 10:00:00,303024.73985,18.31
2015-08-08 11:00:00,301331.425799,18.3
2015-08-08 12:00:00,299696.192872,18.27
2015-08-08 13:00:00,301918.634834,18.27
2015-08-08 14:00:00,298486.15007,18.23
2015-08-08 15:00:00,288178.70004,18.05
2015-08-08 16:00:00,281683.927888,17.8
2015-08-08 17:00:00,280512.986506,17.58
2015-08-08 18:00:00,279716.503418,17.39
2015-08-08 19:00:00,282177.796164,17.26
2015-08-08 20:00:00,286155.302497,17.2
2015-08-08 21:00:00,283038.691879,17.12
2015-08-08 22:00:00,287595.078051,17.1
2015-08-08 23:00:00,284884.776896,17.05
2015-08-09 00:00:00,285050.863354,17.01
2015-08-09 01:00:00,284315.377278,16.97
2015-08-09 02:00:00,283218.131285,16.91
2015-08-09 03:00:00,283357.169118,16.87
2015-08-09 04:00:00,280973.226772,16.8
2015-08-09 05:00:00,282168.586134,16.76
2015-08-09 06:00:00,280094.977604,16.69
2015-08-09 07:00:00,280970.131857,16.65
2015-08-09 08:00:00,278996.8869,16.59
2015-08-09 09:00:00,277930.190559,16.52
2015-08-09 10:00:00,279493.398928,16.48
2015-08-09 11:00:00,279354.080017,16.46
2015-08-09 12:00:00,281865.584872,16.47
2015-08-09 13:00:00,278597.820905,16.43
2015-08-09 14:00:00,276888.863803,16.37
2015-08-09 15:00:00,279693.616332,16.36
2015-08-09 16:00:00,277401.013258,16.32
2015-08-09 17:00:00,279858.476803,16.32
2015-08-09 18:00:00,275301.262939,16.26
2015-08-09 19:00:00,278115.468551,16.24
2015-08-09 20:00:00,274264.295848,16.18
2015-08-09 21:00:00,284425.980063,16.27
2015-08-09 22:00:00,284028.613016,16.36
2015-08-09 23:00:00,283704.096533,16.41
2015-08-10 00:00:00,278761.783731,16.39
2015-08-10 01:00:00,275368.084008,16.31
2015-08-10 02:00:00,276077.105462,16.25
2015-08-10 03:00:00,274534.295799,16.19
2015-08-10 04:00:00,276451.241058,16.16
2015-08-10 05:00:00,271040.310769,16.06
2015-08-10 06:00:00,277169.664266,16.06
2015-08-10 07:00:00,271478.508268,15.99
2015-08-10 08:00:00,275141.094321,15.97
2015-08-10 09:00:00,271773.734905,15.92
2015-08-10 10:00:00,275979.715619,15.93
2015-08-10 11:00:00,276753.468359,15.95
2015-08-10 12:00:00,272951.707559,15.92
2015-08-10 13:00:00,271687.53449,15.86
2015-08-10 14:00:00,272073.326387,15.83
2015-08-10 15:00:00,269259.460919,15.76
2015-08-10 16:00:00,269181.783,15.69
2015-08-10 17:00:00,267756.590451,15.62
2015-08-10 18:00:00,266370.139905,15.54
2015-08-10 19:00:00,264329.281786,15.44
2015-08-10 20:00:00,265014.567318,15.37
2015-08-10 21:00:00,263459.54961,15.29
2015-08-10 22:00:00,264437.718631,15.23
2015-08-10 23:00:00,262560.214147,15.16
2015-08-11 00:00:00,261908.405201,15.09
2015-08-11 01:00:00,263377.576404,15.05
2015-08-11 02:00:00,258205.845755,14.95
2015-08-11 03:00:00,262742.737818,14.92
2015-08-11 04:00:00,263443.758867,14.92
2015-08-11 05:00:00,262032.856317,14.89
2015-08-11 06:00:00,264180.556449,14.9
2015-08-11 07:00:00,263999.221566,14.91
2015-08-11 08:00:00,262596.019837,14.89
2015-08-11 09:00:00,261302.998108,14.86
2015-08-11 10:00:00,262683.554132,14.85
2015-08-11 11:00:00,264807.96222,14.87
2015-08-11 12:00:00,264343.068427,14.89
2015-08-11 13:00:00,264702.603991,14.91
2015-08-11 14:00:00,264276.564399,14.92
2015-08-11 15:00:00,267949.053067,14.98
2015-08-11 16:00:00,265348.476818,15.0
2015-08-11 17:00:00,266138.055373,15.02
2015-08-11 18:00:00,266097.940764,15.04
2015-08-11 19:00:00,268008.208835,15.08
2015-08-11 20:00:00,266635.606156,15.1
2015-08-11 21:00:00,267777.150731,15.13
2015-08-11 22:00:00,268454.303108,15.16
2015-08-11 23:00:00,265285.609249,15.14
2015-08-12 00:00:00,268328.742712,15.17
2015-08-12 01:00:00,267548.626594,15.19
2015-08-12 02:00:00,266896.679097,15.19
2015-08-12 03:00:00,267497.547029,15.2
2015-08-12 04:00:00,266902.156027,15.2
2015-08-12 05:00:00,266389.796465,15.19
2015-08-12 06:00:00,265640.99517,15.17
2015-08-12 07:00:00,266134.385476,15.16
2015-08-12 08:00:00,268872.049181,15.2
2015-08-12 09:00:00,266723.732361,15.2
2015-08-12 10:00:00,270086.999363,15.24
2015-08-12 11:00:00,268275.832462,15.26
2015-08-12 12:00:00,271882.519198,15.32
2015-08-12 13:00:00,269242.928587,15.34
2015-08-12 14:00:00,271779.67088,15.39
2015-08-12 15:00:00,272888.58542,15.45
2015-08-12 16:00:00,270863.398996,15.47
2015-08-12 17:00:00,274315.401994,15.53
2015-08-12 18:00:00,275036.686743,15.6
2015-08-12 19:00:00,274393.641781,15.65
2015-08-12 20:00:00,274459.276745,15.68
2015-08-12 21:00:00,274742.909163,15.72
2015-08-12 22:00:00,276919.865114,15.78
2015-08-12 23:00:00,273956.255252,15.79
2015-08-13 00:00:00,280465.528746,15.89
2015-08-13 01:00:00,276583.242831,15.93
2015-08-13 02:00:00,278523.846468,15.97
2015-08-13 03:00:00,281430.376878,16.06
2015-08-13 04:00:00,278835.213682,16.1
2015-08-13 05:00:00,280943.727904,16.15
2015-08-13 06:00:00,280561.731844,16.2
2015-08-13 07:00:00,282512.114742,16.26
2015-08-13 08:00:00,281238.489044,16.3
2015-08-13 09:00:00,284269.648235,16.37
2015-08-13 10:00:00,282927.24163,16.41
2015-08-13 11:00:00,287957.388608,16.52
2015-08-13 12:00:00,293157.553895,16.69
2015-08-13 13:00:00,291608.260675,16.82
2015-08-13 14:00:00,296656.016509,16.98
2015-08-13 15:00:00,294949.315682,17.11
2015-08-13 16:00:00,295883.73566,17.21
2015-08-13 17:00:00,295668.20822,17.3
2015-08-13 18:00:00,297376.50309,17.4
2015-08-13 19:00:00,295348.444308,17.45
2015-08-13 20:00:00,296255.969792,17.5
2015-08-13 21:00:00,297147.722836,17.56
2015-08-13 22:00:00,294218.491014,17.57
2015-08-13 23:00:00,296538.050988,17.61
2015-08-14 00:00:00,292151.249367,17.58
2015-08-14 01:00:00,295603.594438,17.6
2015-08-14 02:00:00,293216.868967,17.59
2015-08-14 03:00:00,296097.506962,17.62
2015-08-14 04:00:00,296099.536731,17.64
2015-08-14 05:00:00,294575.844767,17.64
2015-08-14 06:00:00,296015.177389,17.66
2015-08-14 07:00:00,295897.550165,17.68
2015-08-14 08:00:00,294988.438319,17.68
2015-08-14 09:00:00,294517.50101,17.67
2015-08-14 10:00:00,295544.334599,17.68
2015-08-14 11:00:00,296940.769513,17.7
2015-08-14 12:00:00,295122.050744,17.7
2015-08-14 13:00:00,293330.242334,17.68
2015-08-14 14:00:00,294590.036675,17.67
2015-08-14 15:00:00,296050.690498,17.69
2015-08-14 16:00:00,298541.187428,17.7
2015-08-14 17:00:00,291378.799848,17.65
2015-08-14 18:00:00,295317.471733,17.65
2015-08-14 19:00:00,290065.95208,17.59
2015-08-14 20:00:00,290638.182172,17.54
2015-08-14 21:00:00,288358.5829,17.47
2015-08-14 22:00:00,290258.067851,17.43
2015-08-14 23:00:00,288356.581869,17.38
2015-08-15 00:00:00,286836.002202,17.31
2015-08-15 01:00:00,284704.797579,17.22
2015-08-15 02:00:00,285659.686825,17.16
2015-08-15 03:00:00,280351.023785,17.04
2015-08-15 04:00:00,283164.95701,16.97
2015-08-15 05:00:00,279965.426259,16.87
2015-08-15 06:00:00,281732.108019,16.81
2015-08-15 07:00:00,279548.269313,16.73
2015-08-15 08:00:00,276997.46346,16.62
2015-08-15 09:00:00,280217.883466,16.58
2015-08-15 10:00:00,274438.718955,16.47
2015-08-15 11:00:00,276243.229978,16.39
2015-08-15 12:00:00,273535.781418,16.29
2015-08-15 13:00:00,273993.671855,16.21
2015-08-15 14:00:00,273339.25839,16.13
2015-08-15 15:00:00,268389.915359,16.0
2015-08-15 16:00:00,269671.198028,15.9
2015-08-15 17:00:00,269273.385395,15.82
2015-08-15 18:00:00,267270.132887,15.72
2015-08-15 19:00:00,263321.304176,15.58
2015-08-15 20:00:00,262386.861086,15.44
2015-08-15 21:00:00,260722.069348,15.31
2015-08-15 22:00:00,258633.021887,15.16
2015-08-15 23:00:00,260090.349866,15.06
